"table","ispecies","name","state","DCp","DV","DG"
"OBIGT",14,"CO3-2","aq",,-1.04,
"OBIGT",20,"HPO4-2","aq",,-1.02,
"OBIGT",49,"BO2-","aq",,-19.31,
"OBIGT",62,"Cu+2","aq",3.62,,
"OBIGT",66,"NH3","aq",2.75,,
"OBIGT",75,"SO2","aq",11.1,,
"OBIGT",93,"LaSO4+","aq",-6.02,,
"OBIGT",136,"NdF2+","aq",16.64,6.19,
"OBIGT",182,"EuF+","aq",4.11,-19.19,
"OBIGT",183,"EuF2","aq",9.75,-40.4,
"OBIGT",184,"EuF3-","aq",17.18,-64.45,
"OBIGT",185,"EuF4-2","aq",26.07,-91.02,
"OBIGT",186,"EuCl+","aq",-4.11,19.2,
"OBIGT",187,"EuCl2","aq",-9.84,40.4,
"OBIGT",188,"EuCl3-","aq",-17.19,64.47,
"OBIGT",189,"EuCl4-2","aq",-26.15,91.04,
"OBIGT",343,"UO4-2","aq",,-1.11,
"OBIGT",380,"Ag(CO3)2-3","aq",,-1.56,
"OBIGT",398,"AgCl4-3","aq",,-1.31,
"OBIGT",451,"CuCl4-2","aq",,-1.07,
"OBIGT",453,"ReO4-","aq",-1.26,,
"OBIGT",462,"PO4-3","aq",,-1.72,
"OBIGT",464,"Al+3","aq",1.74,,
"OBIGT",472,"UO2+2","aq",-1.1,,
"OBIGT",473,"Th+4","aq",,-1.14,
"OBIGT",492,"P2O7-4","aq",,-2.11,
"OBIGT",493,"HP2O7-3","aq",,-1.42,
"OBIGT",502,"AsO4-3","aq",,-1.65,
"OBIGT",513,"SO3-2","aq",,-1.02,
"OBIGT",547,"VO4-3","aq",,-1.63,
"OBIGT",559,"Zr+4","aq",,-1.18,
"OBIGT",566,"Hf+4","aq",,-1.18,
"OBIGT",571,"U+4","aq",,-1.13,
"OBIGT",587,"Ce+4","aq",,-1.13,
"OBIGT",588,"Pr+4","aq",,-1.12,
"OBIGT",589,"Nd+4","aq",,-1.12,
"OBIGT",590,"Pm+4","aq",,-1.13,
"OBIGT",591,"Sm+4","aq",,-1.14,
"OBIGT",592,"Eu+4","aq",,-1.14,
"OBIGT",593,"Gd+4","aq",,-1.16,
"OBIGT",594,"Tb+4","aq",,-1.15,
"OBIGT",595,"Dy+4","aq",,-1.15,
"OBIGT",596,"Ho+4","aq",,-1.15,
"OBIGT",597,"Er+4","aq",,-1.15,
"OBIGT",598,"Tm+4","aq",,-1.16,
"OBIGT",599,"Yb+4","aq",,-1.16,
"OBIGT",600,"Lu+4","aq",,-1.17,
"OBIGT",609,"BeO2-2","aq",,-1.17,
"OBIGT",655,"MnO2-2","aq",,-1.05,
"OBIGT",666,"CoO2-2","aq",,-1.14,
"OBIGT",671,"NiO2-2","aq",,-1.16,
"OBIGT",675,"CuO2-2","aq",,-1.09,
"OBIGT",679,"ZnO2-2","aq",,-1.17,
"OBIGT",694,"CdO2-2","aq",,-1.08,
"OBIGT",712,"RuCl4-2","aq",,-1.09,
"OBIGT",715,"Ru(SO4)3-4","aq",,-1.8,
"OBIGT",722,"RuCl5-2","aq",,-1.49,
"OBIGT",723,"RuCl6-3","aq",,-2.39,
"OBIGT",726,"Ru(SO4)3-3","aq",,-1.3,
"OBIGT",732,"RhCl4-2","aq",,-1.14,
"OBIGT",735,"Rh(SO4)3-4","aq",,-1.82,
"OBIGT",739,"RhCl2+","aq",,4.67,
"OBIGT",744,"Rh(SO4)3-3","aq",,-1.33,
"OBIGT",750,"PdCl4-2","aq",,-1.05,
"OBIGT",753,"Pd(SO4)3-4","aq",,-1.8,
"OBIGT",756,"PtCl+","aq",-3.52,1.25,
"OBIGT",757,"PtCl2","aq",-7.11,2.29,
"OBIGT",758,"PtCl3-","aq",-10.48,1.78,
"OBIGT",759,"PtCl4-2","aq",-13.86,,
"OBIGT",762,"Pt(SO4)3-4","aq",,-1.79,
"OBIGT",765,"CF4","aq",5.9,,
"OBIGT",772,"AsH3","aq",-2.67,,
"OBIGT",859,"methane","aq",-2.61,,
"OBIGT",864,"hexane","aq",1.43,3.21,
"OBIGT",867,"ethylene","aq",6.12,-3.82,
"OBIGT",891,"propanol","aq",-1.89,,
"OBIGT",1033,"urea","aq",-23.26,23.32,
"OBIGT",1046,"propanoic acid","aq",1.42,,
"OBIGT",1069,"formate","aq",1.96,,
"OBIGT",1071,"propanoate","aq",1.68,,
"OBIGT",1078,"n-decanoate","aq",-1.93,,
"OBIGT",1094,"oxalate","aq",-3.19,,
"OBIGT",1121,"alanate","aq",-24.28,,
"OBIGT",1415,"Li(Mal)-","aq",,-3.22,
"OBIGT",1419,"Al(Mal)+","aq",,-2.19,
"OBIGT",1420,"Pb(Mal)","aq",,1.16,
"OBIGT",1424,"Pb(Succ)","aq",,1.49,
"OBIGT",1425,"Na(Oxal)-","aq",,-3.14,
"OBIGT",1426,"K(Oxal)-","aq",,-2.75,
"OBIGT",1427,"Fe(Oxal)+","aq",,-2.19,
"OBIGT",1429,"Na(Mal)-","aq",,-3.11,
"OBIGT",1430,"K(Mal)-","aq",,-2.63,
"OBIGT",1432,"La(Mal)+","aq",,-1.92,
"OBIGT",1433,"Gd(Mal)+","aq",,-1.73,
"OBIGT",1434,"Lu(Mal)+","aq",,-2.25,
"OBIGT",1435,"Yb(Mal)+","aq",,-2.05,
"OBIGT",1436,"Th(Mal)+2","aq",-1.29,-4.79,
"OBIGT",1438,"Ce(Mal)+","aq",,-1.75,
"OBIGT",1439,"Nd(Mal)+","aq",4.52,,
"OBIGT",1440,"Sm(Mal)+","aq",,-1.77,
"OBIGT",1441,"Pr(Mal)+","aq",,-1.75,
"OBIGT",1442,"Eu(Mal)+","aq",,-1.87,
"OBIGT",1443,"Tb(Mal)+","aq",,-1.92,
"OBIGT",1444,"Dy(Mal)+","aq",,-1.89,
"OBIGT",1445,"Tm(Mal)+","aq",,-2.08,
"OBIGT",1446,"Ho(Mal)+","aq",,-2.08,
"OBIGT",1447,"Er(Mal)+","aq",,-2.11,
"OBIGT",1448,"Sc(Mal)+","aq",,-1.97,
"OBIGT",1449,"Fe(Mal)+","aq",,-1.97,
"OBIGT",1450,"Na(Succ)-","aq",,-2.82,
"OBIGT",1451,"K(Succ)-","aq",,-2.39,
"OBIGT",1457,"Th(Succ)+2","aq",-1.21,-4.47,
"OBIGT",1462,"NH4(Oxal)-","aq",,-2.62,
"OBIGT",1467,"Al(Oxal)+","aq",,-2.62,
"OBIGT",1468,"Yb(Oxal)+","aq",,-2.02,
"OBIGT",1469,"Ce(Oxal)+","aq",,-1.8,
"OBIGT",1470,"Nd(Oxal)+","aq",,-1.8,
"OBIGT",1471,"Eu(Oxal)+","aq",,-1.89,
"OBIGT",1472,"Gd(Oxal)+","aq",,-1.8,
"OBIGT",1473,"Ru(Oxal)+","aq",,-2.41,
"OBIGT",1474,"Pa(Oxal)+2","aq",-1.25,-4.63,
"OBIGT",1475,"Th(Oxal)+2","aq",-1.27,-4.69,
"OBIGT",1476,"U(Oxal)+2","aq",-1.25,-4.63,
"OBIGT",1477,"Np(Oxal)+2","aq",-1.27,-4.69,
"OBIGT",1480,"Am(Oxal)+","aq",,-1.8,
"OBIGT",1481,"Cm(Oxal)+","aq",,-1.8,
"OBIGT",1482,"Y(Oxal)+","aq",,-2.11,
"OBIGT",1487,"La(Oxal)+","aq",,-1.87,
"OBIGT",1488,"Tb(Oxal)+","aq",,-1.92,
"OBIGT",1489,"Er(Oxal)+","aq",,-2.05,
"OBIGT",1490,"Lu(Oxal)+","aq",,-2.19,
"OBIGT",1491,"Cr(Oxal)+","aq",,-2.58,
"OBIGT",1492,"Ga(Oxal)+","aq",,-2.66,
"OBIGT",1493,"Sc(Oxal)+","aq",,-2.13,
"OBIGT",1494,"In(Oxal)+","aq",,-2.19,
"OBIGT",1495,"Pu(Oxal)+2","aq",-1.2,-4.44,
"OBIGT",1496,"NpO2(Oxal)","aq",,-1.94,
"OBIGT",1497,"Sm(Oxal)+","aq",,-1.84,
"OBIGT",1498,"Cs(Mal)-","aq",,-2.39,
"OBIGT",1499,"NH4(Mal)-","aq",,-2.54,
"OBIGT",1504,"In(Mal)+","aq",,-2.11,
"OBIGT",1505,"Y(Mal)+","aq",,-2.02,
"OBIGT",1513,"La(Succ)+","aq",,-1.52,
"OBIGT",1514,"NH4(Succ)-","aq",,-2.26,
"OBIGT",1516,"Fe(Succ)+","aq",,-1.92,
"OBIGT",1517,"Sc(Succ)+","aq",,-1.77,
"OBIGT",1520,"NpO2(Succ)","aq",,-3.16,
"OBIGT",1521,"Sm(Succ)+","aq",,-1.48,
"OBIGT",1522,"Er(Succ)+","aq",,-1.68,
"OBIGT",1523,"U(Succ)+2","aq",-1.15,-4.27,
"OBIGT",1527,"La(Glut)+","aq",,-1.23,
"OBIGT",1528,"Y(Glut)+","aq",,-1.46,
"OBIGT",1529,"Sc(Glut)+","aq",,-1.5,
"OBIGT",1530,"Th(Glut)+2","aq",-1.09,-4.05,
"OBIGT",1533,"Fe(Glut)+","aq",,-1.05,
"OBIGT",1534,"Sm(Glut)+","aq",,-1.2,
"OBIGT",1537,"Er(Glut)+","aq",,-1.4,
"OBIGT",1539,"Ba(Adip)","aq",,1.19,
"OBIGT",1546,"Pb(Adip)","aq",,1.25,
"OBIGT",1547,"Sc(Adip)+","aq",,-1.22,
"OBIGT",1549,"Th(Adip)+2","aq",-1.02,-3.76,
"OBIGT",1550,"U(Adip)+2","aq",-1,-3.71,
"OBIGT",1552,"Li(Oxal)-","aq",,-3.3,
"OBIGT",1556,"Li(Succ)-","aq",,-2.94,
"OBIGT",1558,"Na(Glut)-","aq",,-2.34,
"OBIGT",1559,"K(Glut)-","aq",,-2.05,
"OBIGT",1560,"Li(Glut)-","aq",,-2.66,
"OBIGT",1565,"Na(Adip)-","aq",,-2.05,
"OBIGT",1566,"K(Adip)-","aq",,-1.76,
"OBIGT",1567,"Li(Adip)-","aq",,-2.38,
"OBIGT",1573,"cyclohexane","aq",9.35,6.64,
"OBIGT",1574,"argon","aq",-1.24,-8.59,
"OBIGT",1575,"benzene","aq",,-1.14,
"OBIGT",1576,"CO2","aq",-4.94,,
"OBIGT",1577,"xenon","aq",2.8,,
"OBIGT",1587,"n-butanethiol","aq",2.19,,
"OBIGT",1609,"methyldiethanolamine","aq",1.61,,
"OBIGT",1619,"cysteinate","aq",-1,,
"OBIGT",1646,"glucose","aq",1.11,,
"OBIGT",1676,"guanine","aq",-4.26,,
"OBIGT",1720,"dHUMP-","aq",-3.13,,
"OBIGT",1817,"MgADP-","aq",-1.01,,
"OBIGT",1828,"HNicMP(ox)","aq",,9.4,
"OBIGT",1836,"ribose-5-phosphate","aq",,7.48,
"OBIGT",1838,"ribose-5-phosphate-2","aq",1.53,,
"OBIGT",1839,"H4NADP(red)","aq",1.73,,
"OBIGT",1840,"H3NADP(red)-","aq",2.41,,
"OBIGT",1841,"H2NADP(red)-2","aq",1.28,,
"OBIGT",1842,"HNADP(red)-3","aq",2.09,,
"OBIGT",1843,"NADP(red)-4","aq",1.09,,
"OBIGT",1845,"H3NADP(ox)","aq",1.05,,
"OBIGT",1893,"Gly-Ala-Gly","aq",,-126.09,
"OBIGT",1894,"Gly-Arg+-Gly","aq",,-182.01,
"OBIGT",1895,"Gly-Asn-Gly","aq",,-145.77,
"OBIGT",1896,"Gly-Asp-Gly","aq",,-139.16,
"OBIGT",1897,"Gly-Cys-Gly","aq",,-139.2,
"OBIGT",1898,"Gly-Gln-Gly","aq",,-158.09,
"OBIGT",1899,"Gly-Glu-Gly","aq",,-155.4,
"OBIGT",1900,"Gly-Gly-Gly","aq",,-107.83,
"OBIGT",1901,"Gly-His-Gly","aq",,-167.84,
"OBIGT",1902,"Gly-Ile-Gly","aq",,-172.24,
"OBIGT",1903,"Gly-Leu-Gly","aq",,-171.74,
"OBIGT",1904,"Gly-Lys+-Gly","aq",,-175.45,
"OBIGT",1905,"Gly-Met-Gly","aq",,-172.45,
"OBIGT",1906,"Gly-Phe-Gly","aq",,-188.52,
"OBIGT",1907,"Gly-Pro-Gly","aq",,-140.68,
"OBIGT",1908,"Gly-Ser-Gly","aq",,-125.79,
"OBIGT",1909,"Gly-Thr-Gly","aq",,-141.19,
"OBIGT",1910,"Gly-Tyr-Gly","aq",,-190.24,
"OBIGT",1911,"Gly-Val-Gly","aq",,-155.72,
"OBIGT",1912,"[GXGBB]","aq",,-98.93,
"OBIGT",1944,"antigorite","cr",,,812
"OBIGT",1978,"clinochlore,7a","cr",,,666
"OBIGT",1997,"daphnite,14a","cr",,,-836
"OBIGT",2022,"ferrosilite","cr",,,694
"OBIGT",2023,"ferrosilite","cr2",,,694
"OBIGT",2038,"greenalite","cr",,,142507
"OBIGT",2053,"hydromagnesite","cr",,,-2569
"OBIGT",2204,"jarosite","cr",,,20697
"OBIGT",2205,"natrojarosite","cr",,,17554
"OBIGT",2227,"n-octadecane","cr",-2.63,,
"OBIGT",2228,"n-nonadecane","cr",-13.32,,
"OBIGT",2229,"n-eicosane","cr",-2.79,,
"OBIGT",2230,"n-heneicosane","cr",-8.61,,
"OBIGT",2231,"n-docosane","cr",-2.63,,
"OBIGT",2232,"n-tricosane","cr",-5.22,,
"OBIGT",2233,"n-tetracosane","cr",-2.02,,
"OBIGT",2234,"n-pentacosane","cr",-2.93,,
"OBIGT",2235,"n-hexacosane","cr",-1.29,,
"OBIGT",2236,"n-heptacosane","cr",-1.23,,
"OBIGT",2288,"carbazole","cr",-43.39,,
"OBIGT",2329,"triphenylene","cr",,,541
"OBIGT",2642,"deoxyadenosine","cr",,,-2977
"OBIGT",2829,"n-nonacontane","liq",,,635
"OBIGT",2836,"2-methyloctane","liq",10,,
"OBIGT",3249,"5,6-dithiadecane","liq",2,,
"OBIGT",3324,"ethylene","gas",-4.59,,
"OBIGT",3334,"3,5-dimethylphenol","gas",,,628
"DEW",15,"BO(OH)","aq",,,-1111
"DEW",19,"CaCl+","aq",,,-593
"DEW",20,"CaCl2","aq",,,-7937
"DEW",21,"CaCO3","aq",,,661
"DEW",25,"Ce+4","aq",,-1.13,
"DEW",31,"CO3-2","aq",,-1.41,
"DEW",38,"diglycine","aq",,,171415
"DEW",39,"diketopiperazine","aq",,,101562
"DEW",49,"FeOH+","aq",,,78085
"DEW",53,"FeCl+2","aq",,,-4165
"DEW",55,"FeCl2+","aq",,,-8614
"DEW",56,"FeCl3","aq",,,-14671
"DEW",57,"FeCl4-","aq",,,-21499
"DEW",63,"glutamate","aq",,,234035
"DEW",83,"HCN","aq",,,907
"DEW",89,"Hg2+2","aq",,,9334
"DEW",92,"HPO4-2","aq",,-1.02,
"DEW",97,"HSiO3-","aq",,,2160
"DEW",102,"In+3","aq",,,7335
"DEW",105,"KOH","aq",,,-71448
"DEW",115,"Mg(HCO3)+","aq",,,686
"DEW",119,"MgOH+","aq",,,10976
"DEW",120,"MgSO4","aq",,,-3852
"DEW",125,"MnSO4","aq",,,1203
"DEW",132,"NaHCO3","aq",,,74495
"DEW",141,"OH-","aq",,,730
"DEW",147,"PO4-3","aq",,-1.72,
"DEW",156,"S2O3-2","aq",,,939
"DEW",159,"S2O6-2","aq",,,-607
"DEW",161,"S3-","aq",,,-8509
"DEW",167,"S5O6-2","aq",,,664
"DEW",177,"SO3-2","aq",,-1.02,
"DEW",186,"U+4","aq",,-1.13,
"DEW",199,"ZnCl3-","aq",,,2264
"SUPCRTBL",16,"dawsonite","cr",,,4653
"SUPCRTBL",76,"MgAsO4-","aq",1.3,,
"SUPCRTBL",79,"MnAsO4-","aq",-1.45,,
